Unnamed: 0,Class,esm_F1,esm_F2,esm_F3,esm_F4,esm_F5,esm_F6,esm_F7,esm_F8
19715_AI4AVP_non_amp_36_AI4AVP_seqlen28|0,0,0.014684148,-0.2027689,0.14763339,0.13064818,0.00786452,-0.13782531,-0.17411706,-0.0113485865
30600_sp_O83662_AVPIden_set(set5)_seqlen33|0,0,0.065882735,-0.5485821,0.1287408,0.27525568,0.0076572103,-0.30399448,-0.078370735,0.09924155
696_AVP0444_AVPdb_seqlen28|1,1,0.019049598,-0.23858538,0.2517194,0.124887265,0.011937144,-0.3171897,-0.16310821,-0.025438178
15229_Antibp2_688_AVPpred_seqlen35|0,0,-0.048492137,-0.22156957,0.24843453,0.15404333,0.073585,-0.032640655,-0.12903847,-0.06128099
31238_sp_P23063_AVPIden_set(set5)_seqlen38|0,0,-0.04959237,-0.14989518,0.18147016,0.13534778,0.08701021,-0.09912767,-0.087501585,-0.029628666
